request_id,amount_safe_to_pay,affordability_status,recommended_payment_method,payment_plan,earliest_date_for_full_payment,spending_changes_needed,decision_explanation
request_26,15656000,affordable_now,full_payment,2025-08-03:15656000,2025-08-03,none,"Pay IDR 15,656,000 today. This leaves at least IDR 24,768,300 available over the next 90 days."
request_27,6670,affordable_now,full_payment,2026-07-05:6670,2026-07-05,none,"Pay ZAR 6,670 today. This leaves at least ZAR 20,500 available over the next 90 days."
request_28,337.82,affordable_later,wait,2024-08-15:1302.4,2024-08-15,none,"Pay EUR 1,302.4 in full on 2024-08-15. Paying earlier would take the balance below the EUR 1,100 minimum."
request_29,0,not_affordable,not_recommended,none,,none,"Do not make this payment by 2025-11-23. None of the available options keeps the ZAR 28,300 minimum protected."
request_30,775.2,affordable_with_plan,installments,2026-04-06:268.74|2026-05-06:268.74|2026-06-05:268.74,2026-04-06,none,"Use 3 installments of USD 268.74, starting 06 April 2026. This leaves at least USD 900 available."
request_31,3109525.42,affordable_later,wait,2024-11-15:18164000,2024-11-15,none,"Pay IDR 18,164,000 in full on 2024-11-15. Paying earlier would take the balance below the IDR 16,588,900 minimum."
request_32,12481.53,not_affordable,not_recommended,none,,none,"Do not make this payment by 2025-04-15. None of the available options keeps the ZAR 35,700 minimum protected."
request_33,40388,affordable_later,wait,2026-03-15:118000,2026-03-15,none,"Pay INR 118,000 in full on 2026-03-15. Paying earlier would take the balance below the INR 102,100 minimum."
request_34,129400,affordable_now,full_payment,2024-12-04:129400,2024-12-04,none,"Pay INR 129,400 today. This leaves at least INR 138,500 available over the next 90 days."
request_35,31505.58,affordable_later,wait,2026-01-15:212000,2026-01-15,none,"Pay INR 212,000 in full on 2026-01-15. Paying earlier would take the balance below the INR 106,400 minimum."
request_36,593.04,not_affordable,not_recommended,none,,none,"Do not make this payment by 2026-09-15. None of the available options keeps the USD 2,400 minimum protected."
request_37,4643446.02,not_affordable,not_recommended,none,,none,"Do not make this payment by 2024-05-15. None of the available options keeps the IDR 17,056,200 minimum protected."
request_38,188.16,affordable_later,wait,2025-10-15:971.3,2025-10-15,none,Pay EUR 971.3 in full on 2025-10-15. Paying earlier would take the balance below the EUR 400 minimum.
request_39,65129.64,affordable_later,wait,2026-06-15:208600,2026-06-15,none,"Pay INR 208,600 in full on 2026-06-15. Paying earlier would take the balance below the INR 213,400 minimum."
request_40,371.06,affordable_later,wait,2024-08-15:1290.3,2024-08-15,none,"Pay EUR 1,290.3 in full on 2024-08-15. Paying earlier would take the balance below the EUR 1,500 minimum."
request_41,9946187.33,affordable_later,wait,2026-01-15:38760000,2026-01-15,none,"Pay IDR 38,760,000 in full on 2026-01-15. Paying earlier would take the balance below the IDR 25,366,600 minimum."
request_42,21454.53,affordable_later,wait,2026-03-15:52100,2026-03-15,none,"Pay INR 52,100 in full on 2026-03-15. Paying earlier would take the balance below the INR 113,100 minimum."
request_43,8641020.32,affordable_later,wait,2024-11-15:43339000,2024-11-15,none,"Pay IDR 43,339,000 in full on 2024-11-15. Paying earlier would take the balance below the IDR 21,398,000 minimum."
request_44,28729.86,affordable_later,wait,2025-04-15:95800,2025-04-15,none,"Pay INR 95,800 in full on 2025-04-15. Paying earlier would take the balance below the INR 82,900 minimum."
request_45,4109523.66,affordable_later,wait,2026-09-15:21983000,2026-09-15,none,"Pay IDR 21,983,000 in full on 2026-09-15. Paying earlier would take the balance below the IDR 11,149,800 minimum."
request_46,38175.06,affordable_with_plan,partial_payment,2024-12-03:38175.06|2024-12-15:11274.94,2024-12-15,none,"Pay INR 38,175.06 today and the remaining INR 11,274.94 on 2024-12-15. This completes the full request and keeps the INR 84,000 minimum protected."
request_47,9147826.88,not_affordable,not_recommended,none,,none,"Do not make this payment by 2025-06-19. None of the available options keeps the IDR 30,049,000 minimum protected."
request_48,45700,affordable_now,full_payment,2026-07-25:45700,2026-07-25,none,"Pay INR 45,700 today. This leaves at least INR 71,300 available over the next 90 days."
request_49,12591497.2,affordable_with_plan,installments,2024-03-18:11902106.67|2024-04-18:11902106.67|2024-05-19:11902106.67,2024-04-15,none,"Use 3 installments of IDR 11,902,106.67, starting 18 March 2024. This leaves at least IDR 20,275,700 available."
request_50,28870.47,affordable_later,wait,2025-08-07:43900,2025-08-07,none,"Pay INR 43,900 in full on 2025-08-07. Paying earlier would take the balance below the INR 99,700 minimum."
request_51,2191000,affordable_now,full_payment,2026-01-03:2191000,2026-01-03,none,"Pay IDR 2,191,000 today. This leaves at least IDR 7,811,000 available over the next 90 days."
request_52,18204.28,affordable_later,wait,2024-06-15:28870,2024-06-15,none,"Pay INR 28,870 in full on 2024-06-15. Paying earlier would take the balance below the INR 41,500 minimum."
request_53,497.4,affordable_with_plan,installments,2025-11-21:589.06|2025-12-19:589.06|2026-01-16:589.06,2026-01-15,none,"Use 3 installments of USD 589.06, starting 21 November 2025. This leaves at least USD 2,100 available."
request_54,2345.63,not_affordable,not_recommended,none,,none,"Do not make this payment by 2026-08-21. None of the available options keeps the ZAR 37,000 minimum protected."
request_55,127356.29,affordable_with_plan,installments,2026-06-11:75781.33|2026-07-12:75781.33|2026-08-12:75781.33,2026-07-15,none,"Use 3 installments of INR 75,781.33, starting 11 June 2026. This leaves at least INR 124,300 available."
request_56,629.04,affordable_with_plan,partial_payment,2025-02-03:629.04|2025-02-15:252.52,2025-02-15,none,"Pay USD 629.04 today and the remaining USD 252.52 on 2025-02-15. This completes the full request and keeps the USD 2,100 minimum protected."
request_57,13527.11,affordable_later,wait,2026-06-15:61446,2026-06-15,none,"Pay ZAR 61,446 in full on 2026-06-15. Paying earlier would take the balance below the ZAR 42,700 minimum."
request_58,14160401.12,affordable_with_plan,full_payment,2024-12-07:16226000,2024-12-08,stop:event_5358,"Stop the community fitness plan, then pay IDR 16,226,000 today. This leaves at least IDR 14,433,900 available."
request_59,140600,affordable_with_plan,installments,2025-05-07:48741.33|2025-06-04:48741.33|2025-07-02:48741.33,2025-05-04,none,"Use 3 installments of INR 48,741.33, starting 07 May 2025. This leaves at least INR 132,600 available."
request_60,153.77,affordable_later,wait,2026-01-15:199.89,2026-01-15,none,Pay USD 199.89 in full on 2026-01-15. Paying earlier would take the balance below the USD 400 minimum.
request_61,0,affordable_with_plan,installments,2024-03-17:10074.83|2024-04-17:10074.83|2024-05-18:10074.83,2024-03-04,none,"Use 3 installments of ZAR 10,074.83, starting 17 March 2024. This leaves at least ZAR 36,700 available."
request_62,404.23,affordable_now,full_payment,2025-08-05:404.23,2025-08-05,none,"Pay USD 404.23 today. This leaves at least USD 1,300 available over the next 90 days."
request_63,50770.84,not_affordable,not_recommended,none,,none,"Do not make this payment by 2026-09-17. None of the available options keeps the INR 153,500 minimum protected."
request_64,0,affordable_with_plan,installments,2024-06-11:22082.67|2024-07-12:22082.67|2024-08-12:22082.67,,none,"Use 3 installments of INR 22,082.67, starting 11 June 2024. This leaves at least INR 36,100 available."
request_65,6471.03,not_affordable,not_recommended,none,,none,"Do not make this payment by 2025-11-25. None of the available options keeps the ZAR 15,500 minimum protected."
request_66,22200,affordable_now,full_payment,2026-04-03:22200,2026-04-03,none,"Pay INR 22,200 today. This leaves at least INR 80,700 available over the next 90 days."
request_67,417.71,affordable_later,wait,2024-10-15:2094,2024-10-15,none,"Pay USD 2,094 in full on 2024-10-15. Paying earlier would take the balance below the USD 1,200 minimum."
request_68,1365.57,affordable_with_plan,installments,2025-02-14:725.09|2025-03-14:725.09|2025-04-11:725.09,2025-03-23,none,"Use 3 installments of USD 725.09, starting 14 February 2025. This leaves at least USD 1,500 available."
request_69,529.1,affordable_now,full_payment,2026-01-04:529.1,2026-01-04,none,Pay EUR 529.1 today. This leaves at least EUR 700 available over the next 90 days.
request_70,48851.67,affordable_later,wait,2025-02-15:243900,2025-02-15,none,"Pay INR 243,900 in full on 2025-02-15. Paying earlier would take the balance below the INR 115,000 minimum."
request_71,880132.09,not_affordable,not_recommended,none,,none,"Do not make this payment by 2025-05-28. None of the available options keeps the IDR 8,884,800 minimum protected."
request_72,11330,affordable_now,full_payment,2026-07-05:11330,2026-07-05,none,"Pay ZAR 11,330 today. This leaves at least ZAR 12,200 available over the next 90 days."
request_73,71400,affordable_now,full_payment,2023-01-20:71400,2023-01-20,none,"Pay INR 71,400 today. This leaves at least INR 103,200 available over the next 90 days."
request_74,5010,affordable_now,full_payment,2025-08-04:5010,2025-08-04,none,"Pay ZAR 5,010 today. This leaves at least ZAR 21,900 available over the next 90 days."
request_75,2940.12,affordable_with_plan,installments,2026-04-09:9800.27|2026-05-09:9800.27|2026-06-08:9800.27,,none,"Use 3 installments of ZAR 9,800.27, starting 09 April 2026. This leaves at least ZAR 39,000 available."
request_76,319.81,not_affordable,not_recommended,none,,none,"Do not make this payment by 2024-07-30. None of the available options keeps the USD 1,800 minimum protected."
request_77,60700,affordable_now,full_payment,2025-11-05:60700,2025-11-05,none,"Pay INR 60,700 today. This leaves at least INR 82,200 available over the next 90 days."
request_78,48946.52,affordable_with_plan,full_payment,2025-10-02:50200,2025-10-15,stop:event_7224,"Stop the video streaming plan, then pay INR 50,200 today. This leaves at least INR 55,200 available."
request_79,336.11,not_affordable,not_recommended,none,,none,"Do not make this payment by 2024-11-01. None of the available options keeps the EUR 1,000 minimum protected."
request_80,0,not_affordable,not_recommended,none,,none,"Do not make this payment by 2025-02-21. None of the available options keeps the INR 121,300 minimum protected."
request_81,2076,affordable_now,full_payment,2026-07-03:2076,2026-07-03,none,"Pay USD 2,076 today. This leaves at least USD 1,600 available over the next 90 days."
request_82,435.99,affordable_later,wait,2025-02-15:1405.2,2025-02-15,none,"Pay USD 1,405.2 in full on 2025-02-15. Paying earlier would take the balance below the USD 1,100 minimum."
request_83,6217.43,not_affordable,not_recommended,none,,none,"Do not make this payment by 2025-06-17. None of the available options keeps the INR 37,800 minimum protected."
request_84,31079.48,affordable_later,wait,2026-06-15:95400,2026-06-15,none,"Pay INR 95,400 in full on 2026-06-15. Paying earlier would take the balance below the INR 91,300 minimum."
request_85,742237.86,not_affordable,not_recommended,none,,none,"Do not make this payment by 2024-04-26. None of the available options keeps the IDR 6,396,300 minimum protected."
request_86,46300,affordable_now,full_payment,2025-08-03:46300,2025-08-03,none,"Pay INR 46,300 today. This leaves at least INR 84,900 available over the next 90 days."
request_87,29669.1,not_affordable,not_recommended,none,,none,"Do not make this payment by 2026-03-15. None of the available options keeps the INR 185,900 minimum protected."
request_88,10432.68,affordable_with_plan,installments,2024-06-14:9045.23|2024-07-15:9045.23|2024-08-15:9045.23,2024-07-15,none,"Use 3 installments of ZAR 9,045.23, starting 14 June 2024. This leaves at least ZAR 25,800 available."
request_89,9575482.06,affordable_with_plan,installments,2025-11-18:4768746.67|2025-12-16:4768746.67|2026-01-13:4768746.67,2026-01-15,none,"Use 3 installments of IDR 4,768,746.67, starting 18 November 2025. This leaves at least IDR 12,534,700 available."
request_90,2560,affordable_now,full_payment,2026-07-06:2560,2026-07-06,none,"Pay ZAR 2,560 today. This leaves at least ZAR 7,600 available over the next 90 days."
request_91,491.16,affordable_later,wait,2024-11-15:1927.2,2024-11-15,none,"Pay EUR 1,927.2 in full on 2024-11-15. Paying earlier would take the balance below the EUR 2,100 minimum."
request_92,34034,affordable_now,full_payment,2025-02-05:34034,2025-02-05,none,"Pay ZAR 34,034 today. This leaves at least ZAR 28,100 available over the next 90 days."
request_93,1729.2,affordable_now,full_payment,2026-04-07:1729.2,2026-04-07,none,"Pay USD 1,729.2 today. This leaves at least USD 1,900 available over the next 90 days."
request_94,572,affordable_now,full_payment,2024-12-04:572,2024-12-04,none,Pay EUR 572 today. This leaves at least EUR 600 available over the next 90 days.
request_95,19880.5,not_affordable,not_recommended,none,,none,"Do not make this payment by 2025-07-14. None of the available options keeps the INR 145,500 minimum protected."
request_96,72334.44,affordable_with_plan,installments,2026-01-10:31269.33|2026-02-09:31269.33|2026-03-11:31269.33,2026-03-15,none,"Use 3 installments of INR 31,269.33, starting 10 January 2026. This leaves at least INR 56,500 available."
request_97,1020.23,affordable_with_plan,installments,2024-03-19:8145.28|2024-04-19:8145.28|2024-05-20:8145.28,2024-05-15,none,"Use 3 installments of ZAR 8,145.28, starting 19 March 2024. This leaves at least ZAR 29,700 available."
request_98,8925.63,affordable_later,wait,2025-10-15:27148,2025-10-15,none,"Pay ZAR 27,148 in full on 2025-10-15. Paying earlier would take the balance below the ZAR 30,000 minimum."
request_99,18062,affordable_now,full_payment,2026-07-04:18062,2026-07-04,none,"Pay ZAR 18,062 today. This leaves at least ZAR 49,100 available over the next 90 days."
request_100,27146.03,affordable_with_plan,installments,2024-06-13:12866.19|2024-07-14:12866.19|2024-08-14:12866.19,2024-07-15,none,"Use 3 installments of ZAR 12,866.19, starting 13 June 2024. This leaves at least ZAR 32,500 available."
request_101,143500,affordable_now,full_payment,2025-11-03:143500,2025-11-03,none,"Pay INR 143,500 today. This leaves at least INR 187,400 available over the next 90 days."
request_102,1716,affordable_with_plan,installments,2026-04-05:594.88|2026-05-05:594.88|2026-06-04:594.88,2026-04-05,none,"Use 3 installments of EUR 594.88, starting 05 April 2026. This leaves at least EUR 900 available."
request_103,10156.06,not_affordable,not_recommended,none,,none,"Do not make this payment by 2024-10-07. None of the available options keeps the INR 125,500 minimum protected."
request_104,0,not_affordable,not_recommended,none,,none,"Do not make this payment by 2025-04-15. None of the available options keeps the ZAR 24,700 minimum protected."
request_105,53500,affordable_now,full_payment,2026-06-08:53500,2026-06-08,none,"Pay INR 53,500 today. This leaves at least INR 73,900 available over the next 90 days."
request_106,414.81,affordable_later,wait,2025-02-15:2207.7,2025-02-15,none,"Pay EUR 2,207.7 in full on 2025-02-15. Paying earlier would take the balance below the EUR 1,200 minimum."
request_107,0,affordable_with_plan,installments,2025-05-08:878.59|2025-06-05:878.59|2025-07-03:878.59,,none,"Use 3 installments of EUR 878.59, starting 08 May 2025. This leaves at least EUR 1,600 available."
request_108,3115.53,not_affordable,not_recommended,none,,none,"Do not make this payment by 2026-07-26. None of the available options keeps the ZAR 24,100 minimum protected."
request_109,724.46,affordable_with_plan,installments,2024-03-18:645.98|2024-04-18:645.98|2024-05-19:645.98,2024-05-15,none,"Use 3 installments of EUR 645.98, starting 18 March 2024. This leaves at least EUR 1,700 available."
request_110,22352,affordable_with_plan,installments,2025-08-06:7748.69|2025-09-03:7748.69|2025-10-01:7748.69,2025-08-06,none,"Use 3 installments of ZAR 7,748.69, starting 06 August 2025. This leaves at least ZAR 11,200 available."
request_111,4183844.52,affordable_later,wait,2026-04-04:16625000,2026-04-04,none,"Pay IDR 16,625,000 in full on 2026-04-04. Paying earlier would take the balance below the IDR 23,022,800 minimum."
request_112,271.7,affordable_now,full_payment,2024-06-05:271.7,2024-06-05,none,Pay EUR 271.7 today. This leaves at least EUR 500 available over the next 90 days.
request_113,29713.45,affordable_later,wait,2026-09-15:36500,2026-09-15,none,"Pay INR 36,500 in full on 2026-09-15. Paying earlier would take the balance below the INR 82,300 minimum."
request_114,65300,affordable_now,full_payment,2026-01-04:65300,2026-01-04,none,"Pay INR 65,300 today. This leaves at least INR 113,400 available over the next 90 days."
request_115,14232.34,affordable_later,wait,2024-11-15:80500,2024-11-15,none,"Pay INR 80,500 in full on 2024-11-15. Paying earlier would take the balance below the INR 38,800 minimum."
request_116,10679.03,not_affordable,not_recommended,none,,none,"Do not make this payment by 2025-04-16. None of the available options keeps the INR 80,300 minimum protected."
request_117,874.42,affordable_with_plan,full_payment,2026-07-05:880,2026-07-15,stop:event_10833,"Stop the family streaming plan, then pay EUR 880 today. This leaves at least EUR 1,000 available."
request_118,696.95,affordable_with_plan,installments,2024-12-07:255.87|2025-01-07:255.87|2025-02-07:255.87,2024-12-15,none,"Use 3 installments of EUR 255.87, starting 07 December 2024. This leaves at least EUR 600 available."
request_119,58363.82,affordable_with_plan,installments,2025-05-18:70546.67|2025-06-15:70546.67|2025-07-13:70546.67,2025-06-15,none,"Use 3 installments of INR 70,546.67, starting 18 May 2025. This leaves at least INR 151,200 available."
request_120,7714000,affordable_now,full_payment,2026-04-06:7714000,2026-04-06,none,"Pay IDR 7,714,000 today. This leaves at least IDR 20,050,300 available over the next 90 days."
request_121,633.6,affordable_now,full_payment,2024-03-03:633.6,2024-03-03,none,Pay USD 633.6 today. This leaves at least USD 800 available over the next 90 days.
request_122,20558000,affordable_with_plan,installments,2025-08-05:7126773.33|2025-09-02:7126773.33|2025-09-30:7126773.33,2025-08-05,none,"Use 3 installments of IDR 7,126,773.33, starting 05 August 2025. This leaves at least IDR 12,588,500 available."
request_123,4076000,affordable_now,full_payment,2026-01-07:4076000,2026-01-07,none,"Pay IDR 4,076,000 today. This leaves at least IDR 18,091,200 available over the next 90 days."
request_124,1347.75,affordable_with_plan,installments,2024-06-11:1076.12|2024-07-12:1076.12|2024-08-12:1076.12,2024-08-15,none,"Use 3 installments of EUR 1,076.12, starting 11 June 2024. This leaves at least EUR 1,600 available."
request_125,6468,affordable_now,full_payment,2025-11-06:6468,2025-11-06,none,"Pay ZAR 6,468 today. This leaves at least ZAR 11,300 available over the next 90 days."
request_126,159600,affordable_now,full_payment,2026-07-03:159600,2026-07-03,none,"Pay INR 159,600 today. This leaves at least INR 129,700 available over the next 90 days."
request_127,12362.6,affordable_later,wait,2024-10-15:23980,2024-10-15,none,"Pay ZAR 23,980 in full on 2024-10-15. Paying earlier would take the balance below the ZAR 41,000 minimum."
request_128,25168,affordable_now,full_payment,2025-02-07:25168,2025-02-07,none,"Pay ZAR 25,168 today. This leaves at least ZAR 42,600 available over the next 90 days."
request_129,124.37,not_affordable,not_recommended,none,,none,Do not make this payment by 2026-06-18. None of the available options keeps the USD 800 minimum protected.
request_130,446.51,affordable_later,wait,2025-01-15:1978.8,2025-01-15,none,"Pay USD 1,978.8 in full on 2025-01-15. Paying earlier would take the balance below the USD 1,400 minimum."
request_131,1173.88,affordable_with_plan,installments,2025-05-06:643.14|2025-06-03:643.14|2025-07-01:643.14,2025-06-23,none,"Use 3 installments of USD 643.14, starting 06 May 2025. This leaves at least USD 1,100 available."
request_132,345.69,affordable_later,wait,2026-01-15:379.86,2026-01-15,none,"Pay USD 379.86 in full on 2026-01-15. Paying earlier would take the balance below the USD 1,100 minimum."
request_133,15770000,not_affordable,not_recommended,none,2024-03-07,none,"Do not make this payment by 2024-03-29. None of the available options keeps the IDR 9,986,200 minimum protected."
request_134,4622339.21,affordable_later,wait,2025-10-15:21831000,2025-10-15,none,"Pay IDR 21,831,000 in full on 2025-10-15. Paying earlier would take the balance below the IDR 15,902,500 minimum."
request_135,304.8,affordable_now,full_payment,2026-07-06:304.8,2026-07-06,none,Pay USD 304.8 today. This leaves at least USD 500 available over the next 90 days.
request_136,560.4,affordable_now,full_payment,2024-06-03:560.4,2024-06-03,none,"Pay USD 560.4 today. This leaves at least USD 1,100 available over the next 90 days."
request_137,29057.46,not_affordable,not_recommended,none,,none,"Do not make this payment by 2026-01-15. None of the available options keeps the INR 71,800 minimum protected."
request_138,854.45,affordable_with_plan,partial_payment,2026-04-07:854.45|2026-04-15:402.49,2026-04-15,none,"Pay EUR 854.45 today and the remaining EUR 402.49 on 2026-04-15. This completes the full request and keeps the EUR 2,300 minimum protected."
request_139,1322.85,affordable_with_plan,installments,2024-09-07:802.88|2024-10-08:802.88|2024-11-08:802.88,2024-11-15,none,"Use 3 installments of USD 802.88, starting 07 September 2024. This leaves at least USD 1,500 available."
request_140,1534.11,not_affordable,not_recommended,none,,none,"Do not make this payment by 2025-03-04. None of the available options keeps the ZAR 21,600 minimum protected."
request_141,25268.03,not_affordable,not_recommended,none,,none,"Do not make this payment by 2026-02-12. None of the available options keeps the INR 67,300 minimum protected."
request_142,1263.6,affordable_now,full_payment,2024-12-05:1263.6,2024-12-05,none,"Pay USD 1,263.6 today. This leaves at least USD 1,700 available over the next 90 days."
request_143,3438.94,affordable_later,wait,2025-07-15:12584,2025-07-15,none,"Pay ZAR 12,584 in full on 2025-07-15. Paying earlier would take the balance below the ZAR 11,300 minimum."
request_144,229.04,affordable_with_plan,full_payment,2026-07-04:233.34,2026-07-15,stop:event_13239,"Stop the audio streaming plan, then pay USD 233.34 today. This leaves at least USD 600 available."
request_145,38969.47,affordable_with_plan,installments,2024-03-20:75365.33|2024-04-20:75365.33|2024-05-21:75365.33,2024-05-15,none,"Use 3 installments of INR 75,365.33, starting 20 March 2024. This leaves at least INR 155,400 available."
request_146,11498.98,not_affordable,not_recommended,none,,none,"Do not make this payment by 2025-10-17. None of the available options keeps the INR 108,600 minimum protected."
request_147,534.27,affordable_with_plan,installments,2026-04-08:391.63|2026-05-08:391.63|2026-06-07:391.63,2026-04-15,none,"Use 3 installments of EUR 391.63, starting 08 April 2026. This leaves at least EUR 900 available."
request_148,8745.48,affordable_with_plan,installments,2024-06-14:7710.56|2024-07-15:7710.56|2024-08-15:7710.56,2024-07-15,none,"Use 3 installments of ZAR 7,710.56, starting 14 June 2024. This leaves at least ZAR 20,000 available."
request_149,24332.84,affordable_with_plan,installments,2025-11-18:12706.03|2025-12-16:12706.03|2026-01-13:12706.03,2025-12-15,none,"Use 3 installments of ZAR 12,706.03, starting 18 November 2025. This leaves at least ZAR 42,100 available."
request_150,342.33,affordable_with_plan,installments,2026-01-06:171.98|2026-02-05:171.98|2026-03-07:171.98,2026-02-15,none,"Use 3 installments of EUR 171.98, starting 06 January 2026. This leaves at least EUR 700 available."
request_151,26999000,affordable_now,full_payment,2024-09-03:26999000,2024-09-03,none,"Pay IDR 26,999,000 today. This leaves at least IDR 31,633,600 available over the next 90 days."
request_152,10869.94,affordable_with_plan,installments,2025-02-12:4812.43|2025-03-12:4812.43|2025-04-09:4812.43,2025-04-15,none,"Use 3 installments of ZAR 4,812.43, starting 12 February 2025. This leaves at least ZAR 11,900 available."
request_153,227.93,not_affordable,not_recommended,none,,none,"Do not make this payment by 2026-09-24. None of the available options keeps the USD 1,400 minimum protected."
request_154,1139.24,affordable_with_plan,installments,2024-12-04:563.61|2025-01-04:563.61|2025-02-04:563.61,2024-12-05,none,"Use 3 installments of EUR 563.61, starting 04 December 2024. This leaves at least EUR 1,300 available."
request_155,112500,affordable_now,full_payment,2025-05-06:112500,2025-05-06,none,"Pay INR 112,500 today. This leaves at least INR 56,300 available over the next 90 days."
request_156,8575.82,affordable_later,wait,2026-06-15:43076,2026-06-15,none,"Pay ZAR 43,076 in full on 2026-06-15. Paying earlier would take the balance below the ZAR 26,900 minimum."
request_157,4859558.59,affordable_later,wait,2024-04-15:23503000,2024-04-15,none,"Pay IDR 23,503,000 in full on 2024-04-15. Paying earlier would take the balance below the IDR 15,714,100 minimum."
request_158,242600,affordable_with_plan,installments,2025-08-07:84101.33|2025-09-04:84101.33|2025-10-02:84101.33,2025-08-07,none,"Use 3 installments of INR 84,101.33, starting 07 August 2025. This leaves at least INR 131,400 available."
request_159,3266.63,not_affordable,not_recommended,none,,none,"Do not make this payment by 2026-03-20. None of the available options keeps the ZAR 8,700 minimum protected."
request_160,555.2,affordable_with_plan,installments,2024-06-13:432.05|2024-07-14:432.05|2024-08-14:432.05,2024-07-15,none,"Use 3 installments of EUR 432.05, starting 13 June 2024. This leaves at least EUR 1,200 available."
request_161,0,not_affordable,not_recommended,none,,none,"Do not make this payment by 2026-01-15. None of the available options keeps the IDR 23,010,400 minimum protected."
request_162,2191657.66,not_affordable,not_recommended,none,,none,"Do not make this payment by 2026-08-26. None of the available options keeps the IDR 24,161,100 minimum protected."
request_163,11268624.6,affordable_with_plan,installments,2024-09-10:6692053.33|2024-10-11:6692053.33|2024-11-11:6692053.33,2024-10-15,none,"Use 3 installments of IDR 6,692,053.33, starting 10 September 2024. This leaves at least IDR 26,728,700 available."
request_164,27018000,affordable_with_plan,installments,2025-02-11:9366240|2025-03-11:9366240|2025-04-08:9366240,2025-02-04,none,"Use 3 installments of IDR 9,366,240, starting 11 February 2025. This leaves at least IDR 29,550,500 available."
request_165,36887.77,not_affordable,not_recommended,none,,none,"Do not make this payment by 2026-04-21. None of the available options keeps the INR 95,000 minimum protected."
request_166,2907.6,affordable_with_plan,installments,2024-12-03:1007.97|2025-01-03:1007.97|2025-02-03:1007.97,2024-12-03,none,"Use 3 installments of USD 1,007.97, starting 03 December 2024. This leaves at least USD 1,700 available."
request_167,43802,affordable_now,full_payment,2025-05-05:43802,2025-05-05,none,"Pay ZAR 43,802 today. This leaves at least ZAR 31,200 available over the next 90 days."
request_168,41933.74,affordable_with_plan,partial_payment,2026-01-07:41933.74|2026-01-15:7446.26,2026-01-15,none,"Pay INR 41,933.74 today and the remaining INR 7,446.26 on 2026-01-15. This completes the full request and keeps the INR 114,400 minimum protected."
request_169,41976,affordable_now,full_payment,2024-03-04:41976,2024-03-04,none,"Pay ZAR 41,976 today. This leaves at least ZAR 18,700 available over the next 90 days."
request_170,31208150.54,affordable_with_plan,installments,2025-08-06:12804480|2025-09-03:12804480|2025-10-01:12804480,2025-09-15,none,"Use 3 installments of IDR 12,804,480, starting 06 August 2025. This leaves at least IDR 24,715,800 available."
request_171,45.27,not_affordable,not_recommended,none,,none,Do not make this payment by 2026-09-10. None of the available options keeps the EUR 500 minimum protected.
request_172,9699.38,affordable_with_plan,partial_payment,2024-06-05:9699.38|2024-06-15:500.62,2024-06-15,none,"Pay ZAR 9,699.38 today and the remaining ZAR 500.62 on 2024-06-15. This completes the full request and keeps the ZAR 27,200 minimum protected."
request_173,64809.29,affordable_with_plan,installments,2025-11-21:39173.33|2025-12-19:39173.33|2026-01-16:39173.33,2026-01-15,none,"Use 3 installments of INR 39,173.33, starting 21 November 2025. This leaves at least INR 79,100 available."
request_174,935.22,affordable_with_plan,installments,2026-04-04:397.35|2026-05-04:397.35|2026-06-03:397.35,2026-04-05,none,"Use 3 installments of EUR 397.35, starting 04 April 2026. This leaves at least EUR 700 available."
request_175,2346.3,affordable_now,full_payment,2024-09-06:2346.3,2024-09-06,none,"Pay EUR 2,346.3 today. This leaves at least EUR 1,700 available over the next 90 days."
request_176,0,not_affordable,not_recommended,none,,none,Do not make this payment by 2025-02-27. None of the available options keeps the EUR 600 minimum protected.
request_177,1017.6,affordable_now,full_payment,2026-01-05:1017.6,2026-01-05,none,"Pay USD 1,017.6 today. This leaves at least USD 1,300 available over the next 90 days."
request_178,2938.1,affordable_with_plan,installments,2024-12-07:1018.54|2025-01-07:1018.54|2025-02-07:1018.54,2024-12-07,none,"Use 3 installments of EUR 1,018.54, starting 07 December 2024. This leaves at least EUR 1,400 available."
request_179,8638416.08,affordable_later,wait,2025-07-15:41648000,2025-07-15,none,"Pay IDR 41,648,000 in full on 2025-07-15. Paying earlier would take the balance below the IDR 41,430,800 minimum."
request_180,66500,affordable_now,full_payment,2026-07-06:66500,2026-07-06,none,"Pay INR 66,500 today. This leaves at least INR 37,300 available over the next 90 days."
request_181,387.1,not_affordable,not_recommended,none,,none,"Do not make this payment by 2024-04-07. None of the available options keeps the USD 2,000 minimum protected."
request_182,65714,affordable_now,full_payment,2025-08-05:65714,2025-08-05,none,"Pay ZAR 65,714 today. This leaves at least ZAR 31,100 available over the next 90 days."
request_183,24499161.34,affordable_with_plan,installments,2026-04-10:9313546.67|2026-05-10:9313546.67|2026-06-09:9313546.67,2026-04-15,none,"Use 3 installments of IDR 9,313,546.67, starting 10 April 2026. This leaves at least IDR 11,878,300 available."
request_184,11885.16,not_affordable,not_recommended,none,,none,"Do not make this payment by 2024-07-30. None of the available options keeps the INR 110,800 minimum protected."
request_185,391.8,affordable_later,wait,2026-01-15:1257.3,2026-01-15,none,"Pay EUR 1,257.3 in full on 2026-01-15. Paying earlier would take the balance below the EUR 1,300 minimum."
request_186,6772.45,affordable_later,wait,2026-03-15:26554,2026-03-15,none,"Pay ZAR 26,554 in full on 2026-03-15. Paying earlier would take the balance below the ZAR 22,000 minimum."
request_187,36544.43,affordable_later,wait,2024-11-15:187500,2024-11-15,none,"Pay INR 187,500 in full on 2024-11-15. Paying earlier would take the balance below the INR 128,300 minimum."
request_188,121.39,not_affordable,not_recommended,none,,none,Do not make this payment by 2025-03-04. None of the available options keeps the EUR 900 minimum protected.
request_189,488.4,affordable_now,full_payment,2026-07-04:488.4,2026-07-04,none,Pay EUR 488.4 today. This leaves at least EUR 400 available over the next 90 days.
request_190,654.19,affordable_later,wait,2025-02-15:2557.5,2025-02-15,none,"Pay EUR 2,557.5 in full on 2025-02-15. Paying earlier would take the balance below the EUR 1,600 minimum."
request_191,664.4,affordable_now,full_payment,2025-05-03:664.4,2025-05-03,none,Pay EUR 664.4 today. This leaves at least EUR 500 available over the next 90 days.
request_192,177.63,not_affordable,not_recommended,none,,none,"Do not make this payment by 2026-05-11. None of the available options keeps the USD 1,000 minimum protected."
request_193,98.39,affordable_with_plan,installments,2024-03-21:420.23|2024-04-21:420.23|2024-05-22:420.23,2024-05-15,none,"Use 3 installments of EUR 420.23, starting 21 March 2024. This leaves at least EUR 1,000 available."
request_194,32408.24,affordable_later,wait,2025-10-23:132800,2025-10-23,none,"Pay INR 132,800 in full on 2025-10-23. Paying earlier would take the balance below the INR 113,600 minimum."
request_195,1055.16,affordable_with_plan,installments,2026-01-09:405.74|2026-02-08:405.74|2026-03-10:405.74,2026-01-15,none,"Use 3 installments of EUR 405.74, starting 09 January 2026. This leaves at least EUR 700 available."
request_196,762.3,affordable_now,full_payment,2024-06-03:762.3,2024-06-03,none,Pay EUR 762.3 today. This leaves at least EUR 500 available over the next 90 days.
request_197,629158.09,affordable_with_plan,installments,2025-11-19:17658853.33|2025-12-17:17658853.33|2026-01-14:17658853.33,,none,"Use 3 installments of IDR 17,658,853.33, starting 19 November 2025. This leaves at least IDR 26,245,900 available."
request_198,185800,affordable_now,full_payment,2026-07-07:185800,2026-07-07,none,"Pay INR 185,800 today. This leaves at least INR 124,300 available over the next 90 days."
request_199,23674000,affordable_with_plan,installments,2024-09-07:8206986.67|2024-10-08:8206986.67|2024-11-08:8206986.67,2024-09-04,none,"Use 3 installments of IDR 8,206,986.67, starting 07 September 2024. This leaves at least IDR 25,359,500 available."
request_200,21717000,affordable_now,full_payment,2025-02-06:21717000,2025-02-06,none,"Pay IDR 21,717,000 today. This leaves at least IDR 20,114,600 available over the next 90 days."
request_201,23997000,affordable_now,full_payment,2026-04-03:23997000,2026-04-03,none,"Pay IDR 23,997,000 today. This leaves at least IDR 17,304,500 available over the next 90 days."
request_202,123900,affordable_now,full_payment,2024-12-05:123900,2024-12-05,none,"Pay INR 123,900 today. This leaves at least INR 147,800 available over the next 90 days."
request_203,1442.1,affordable_with_plan,installments,2025-05-10:499.93|2025-06-07:499.93|2025-07-05:499.93,2025-05-07,none,"Use 3 installments of EUR 499.93, starting 10 May 2025. This leaves at least EUR 1,400 available."
request_204,543.96,affordable_later,wait,2026-01-15:588.74,2026-01-15,none,"Pay EUR 588.74 in full on 2026-01-15. Paying earlier would take the balance below the EUR 1,300 minimum."
request_205,10621000,affordable_now,full_payment,2024-03-06:10621000,2024-03-06,none,"Pay IDR 10,621,000 today. This leaves at least IDR 13,994,300 available over the next 90 days."
request_206,1404.7,affordable_with_plan,installments,2025-08-03:486.96|2025-08-31:486.96|2025-09-28:486.96,2025-08-03,none,"Use 3 installments of EUR 486.96, starting 03 August 2025. This leaves at least EUR 900 available."
request_207,4782.87,affordable_later,wait,2026-07-15:11830,2026-07-15,none,"Pay ZAR 11,830 in full on 2026-07-15. Paying earlier would take the balance below the ZAR 13,600 minimum."
request_208,4007461.8,affordable_later,wait,2024-06-15:4413000,2024-06-15,none,"Pay IDR 4,413,000 in full on 2024-06-15. Paying earlier would take the balance below the IDR 10,470,700 minimum."
request_209,1896.34,not_affordable,not_recommended,none,,none,"Do not make this payment by 2025-11-25. None of the available options keeps the ZAR 18,400 minimum protected."
request_210,954.6,affordable_with_plan,partial_payment,2026-04-06:954.6|2026-04-15:405.42,2026-04-15,none,"Pay USD 954.6 today and the remaining USD 405.42 on 2026-04-15. This completes the full request and keeps the USD 2,000 minimum protected."
request_211,319.75,affordable_later,wait,2024-11-15:1788.6,2024-11-15,none,"Pay EUR 1,788.6 in full on 2024-11-15. Paying earlier would take the balance below the EUR 1,500 minimum."
request_212,6731985.86,not_affordable,not_recommended,none,,none,"Do not make this payment by 2025-02-28. None of the available options keeps the IDR 29,579,800 minimum protected."
request_213,1491.62,affordable_with_plan,installments,2026-01-21:1165.63|2026-02-20:1165.63|2026-03-22:1165.63,,none,"Use 3 installments of USD 1,165.63, starting 21 January 2026. This leaves at least USD 2,100 available."
request_214,60982.93,affordable_with_plan,partial_payment,2024-12-04:60982.93|2024-12-15:8767.07,2024-12-15,none,"Pay INR 60,982.93 today and the remaining INR 8,767.07 on 2024-12-15. This completes the full request and keeps the INR 174,900 minimum protected."
request_215,29986,affordable_with_plan,installments,2025-05-09:10395.15|2025-06-06:10395.15|2025-07-04:10395.15,2025-05-06,none,"Use 3 installments of ZAR 10,395.15, starting 09 May 2025. This leaves at least ZAR 15,700 available."
request_216,481.37,not_affordable,not_recommended,none,,none,"Do not make this payment by 2026-09-15. None of the available options keeps the USD 1,800 minimum protected."
request_217,20518.24,affordable_with_plan,installments,2024-03-19:12889.07|2024-04-19:12889.07|2024-05-20:12889.07,2024-05-15,none,"Use 3 installments of ZAR 12,889.07, starting 19 March 2024. This leaves at least ZAR 26,800 available."
request_218,25235172.52,affordable_with_plan,installments,2025-08-07:21195893.33|2025-09-04:21195893.33|2025-10-02:21195893.33,2025-09-15,none,"Use 3 installments of IDR 21,195,893.33, starting 07 August 2025. This leaves at least IDR 34,477,200 available."
request_219,750.14,affordable_with_plan,installments,2026-04-07:580.01|2026-05-07:580.01|2026-06-06:580.01,2026-05-15,none,"Use 3 installments of EUR 580.01, starting 07 April 2026. This leaves at least EUR 1,100 available."
request_220,120.72,not_affordable,not_recommended,none,,none,"Do not make this payment by 2024-07-03. None of the available options keeps the EUR 1,100 minimum protected."
request_221,109800,affordable_now,full_payment,2025-11-03:109800,2025-11-03,none,"Pay INR 109,800 today. This leaves at least INR 81,500 available over the next 90 days."
request_222,34078,affordable_now,full_payment,2026-01-05:34078,2026-01-05,none,"Pay ZAR 34,078 today. This leaves at least ZAR 27,300 available over the next 90 days."
request_223,898.7,affordable_now,full_payment,2024-09-07:898.7,2024-09-07,none,Pay EUR 898.7 today. This leaves at least EUR 800 available over the next 90 days.
request_224,9292947.87,affordable_with_plan,partial_payment,2025-02-04:9292947.87|2025-02-15:1034052.13,2025-02-15,none,"Pay IDR 9,292,947.87 today and the remaining IDR 1,034,052.13 on 2025-02-15. This completes the full request and keeps the IDR 22,187,600 minimum protected."
request_225,11039763.04,affordable_with_plan,installments,2026-07-20:7647120|2026-08-19:7647120|2026-09-18:7647120,2026-09-15,none,"Use 3 installments of IDR 7,647,120, starting 20 July 2026. This leaves at least IDR 17,670,700 available."
request_226,157000,affordable_now,full_payment,2024-12-03:157000,2024-12-03,none,"Pay INR 157,000 today. This leaves at least INR 209,400 available over the next 90 days."
request_227,7703.87,not_affordable,not_recommended,none,,none,"Do not make this payment by 2025-06-20. None of the available options keeps the INR 62,900 minimum protected."
request_228,2283857.12,not_affordable,not_recommended,none,,none,"Do not make this payment by 2026-04-30. None of the available options keeps the IDR 26,191,200 minimum protected."
request_229,457.64,affordable_with_plan,installments,2024-03-18:529.29|2024-04-18:529.29|2024-05-19:529.29,2024-05-15,none,"Use 3 installments of EUR 529.29, starting 18 March 2024. This leaves at least EUR 1,000 available."
request_230,3537.6,affordable_now,full_payment,2025-08-06:3537.6,2025-08-06,none,"Pay EUR 3,537.6 today. This leaves at least EUR 2,000 available over the next 90 days."
request_231,32823.12,affordable_with_plan,installments,2026-01-06:12378.08|2026-02-05:12378.08|2026-03-07:12378.08,2026-02-15,none,"Use 3 installments of ZAR 12,378.08, starting 06 January 2026. This leaves at least ZAR 24,300 available."
request_232,591.95,not_affordable,not_recommended,none,,none,"Do not make this payment by 2024-08-15. None of the available options keeps the EUR 2,400 minimum protected."
request_233,0,affordable_with_plan,installments,2025-11-14:3245320|2025-12-15:3245320,,none,"Use 2 installments of IDR 3,245,320, starting 14 November 2025. This leaves at least IDR 10,365,700 available."
request_234,192.08,affordable_later,wait,2026-09-15:1213.3,2026-09-15,none,"Pay EUR 1,213.3 in full on 2026-09-15. Paying earlier would take the balance below the EUR 700 minimum."
request_235,967.2,affordable_now,full_payment,2024-09-06:967.2,2024-09-06,none,Pay USD 967.2 today. This leaves at least USD 700 available over the next 90 days.
request_236,6039098.73,not_affordable,not_recommended,none,,none,"Do not make this payment by 2025-02-23. None of the available options keeps the IDR 16,768,600 minimum protected."
request_237,23826000,affordable_now,full_payment,2026-04-05:23826000,2026-04-05,none,"Pay IDR 23,826,000 today. This leaves at least IDR 22,431,500 available over the next 90 days."
request_238,663.6,affordable_with_plan,installments,2024-12-07:230.05|2025-01-07:230.05|2025-02-07:230.05,2024-12-07,none,"Use 3 installments of USD 230.05, starting 07 December 2024. This leaves at least USD 700 available."
request_239,642,affordable_now,full_payment,2025-05-04:642,2025-05-04,none,Pay USD 642 today. This leaves at least USD 600 available over the next 90 days.
request_240,14101.26,not_affordable,not_recommended,none,,none,"Do not make this payment by 2026-03-20. None of the available options keeps the INR 52,800 minimum protected."
request_241,21052000,affordable_with_plan,installments,2024-03-17:7298026.67|2024-04-17:7298026.67|2024-05-18:7298026.67,2024-03-03,none,"Use 3 installments of IDR 7,298,026.67, starting 17 March 2024. This leaves at least IDR 19,252,000 available."
request_242,0,not_affordable,not_recommended,none,,none,Do not make this payment by 2025-08-25. None of the available options keeps the EUR 600 minimum protected.
request_243,17468,affordable_now,full_payment,2026-07-07:17468,2026-07-07,none,"Pay ZAR 17,468 today. This leaves at least ZAR 19,900 available over the next 90 days."
request_244,49918,affordable_now,full_payment,2024-06-04:49918,2024-06-04,none,"Pay ZAR 49,918 today. This leaves at least ZAR 45,900 available over the next 90 days."
request_245,35900.19,affordable_later,wait,2026-01-15:128500,2026-01-15,none,"Pay INR 128,500 in full on 2026-01-15. Paying earlier would take the balance below the INR 94,600 minimum."
request_246,44712.49,affordable_with_plan,installments,2026-04-03:22216.48|2026-05-03:22216.48|2026-06-02:22216.48,2026-04-04,none,"Use 3 installments of ZAR 22,216.48, starting 03 April 2026. This leaves at least ZAR 39,300 available."
request_247,1059.3,affordable_now,full_payment,2024-09-05:1059.3,2024-09-05,none,"Pay EUR 1,059.3 today. This leaves at least EUR 1,300 available over the next 90 days."
request_248,227.83,not_affordable,not_recommended,none,,none,"Do not make this payment by 2025-04-28. None of the available options keeps the USD 1,300 minimum protected."
request_249,178.13,affordable_later,wait,2026-03-15:643.2,2026-03-15,none,Pay USD 643.2 in full on 2026-03-15. Paying earlier would take the balance below the USD 600 minimum.
request_250,14706.14,not_affordable,not_recommended,none,,none,"Do not make this payment by 2025-01-18. None of the available options keeps the ZAR 35,300 minimum protected."
request_251,727.48,not_affordable,not_recommended,none,,none,"Do not make this payment by 2025-06-06. None of the available options keeps the EUR 1,300 minimum protected."
request_252,4133909.77,affordable_later,wait,2026-09-15:28082000,2026-09-15,none,"Pay IDR 28,082,000 in full on 2026-09-15. Paying earlier would take the balance below the IDR 15,152,200 minimum."
request_253,1505.32,affordable_with_plan,installments,2024-03-21:984.6|2024-04-21:984.6|2024-05-22:984.6,2024-05-15,none,"Use 3 installments of EUR 984.6, starting 21 March 2024. This leaves at least EUR 2,300 available."
request_254,614.49,affordable_later,wait,2025-10-15:3535.2,2025-10-15,none,"Pay USD 3,535.2 in full on 2025-10-15. Paying earlier would take the balance below the USD 2,500 minimum."
request_255,0,not_affordable,not_recommended,none,,none,"Do not make this payment by 2026-06-15. None of the available options keeps the IDR 9,813,900 minimum protected."
request_256,156056.06,affordable_with_plan,installments,2024-06-10:75816|2024-07-11:75816|2024-08-11:75816,2024-07-15,none,"Use 3 installments of INR 75,816, starting 10 June 2024. This leaves at least INR 168,600 available."
request_257,569.44,affordable_later,wait,2026-01-15:1352.4,2026-01-15,none,"Pay USD 1,352.4 in full on 2026-01-15. Paying earlier would take the balance below the USD 1,600 minimum."
request_258,1113.6,affordable_now,full_payment,2026-01-07:1113.6,2026-01-07,none,"Pay USD 1,113.6 today. This leaves at least USD 500 available over the next 90 days."
request_259,191.13,affordable_later,wait,2024-11-15:935,2024-11-15,none,Pay EUR 935 in full on 2024-11-15. Paying earlier would take the balance below the EUR 600 minimum.
request_260,8334586.93,not_affordable,not_recommended,none,,none,"Do not make this payment by 2025-04-18. None of the available options keeps the IDR 20,727,700 minimum protected."
request_261,1830.4,affordable_now,full_payment,2026-07-03:1830.4,2026-07-03,none,"Pay EUR 1,830.4 today. This leaves at least EUR 1,500 available over the next 90 days."
request_262,2511850.16,affordable_with_plan,partial_payment,2024-12-05:2511850.16|2024-12-06:6724149.84,2024-12-06,none,"Pay IDR 2,511,850.16 today and the remaining IDR 6,724,149.84 on 2024-12-06. This completes the full request and keeps the IDR 31,018,500 minimum protected."
request_263,7778.05,not_affordable,not_recommended,none,,none,"Do not make this payment by 2025-06-15. None of the available options keeps the ZAR 24,100 minimum protected."
request_264,23915.11,affordable_later,wait,2026-06-15:111300,2026-06-15,none,"Pay INR 111,300 in full on 2026-06-15. Paying earlier would take the balance below the INR 59,500 minimum."
request_265,0,not_affordable,not_recommended,none,,none,"Do not make this payment by 2024-03-21. None of the available options keeps the INR 189,700 minimum protected."
request_266,786.3,affordable_with_plan,installments,2025-08-03:324.13|2025-08-31:324.13|2025-09-28:324.13,2025-08-15,none,"Use 3 installments of EUR 324.13, starting 03 August 2025. This leaves at least EUR 900 available."
request_267,1701.11,affordable_with_plan,installments,2026-01-08:667.33|2026-02-07:667.33|2026-03-09:667.33,2026-01-15,none,"Use 3 installments of EUR 667.33, starting 08 January 2026. This leaves at least EUR 1,500 available."
request_268,1033.95,affordable_with_plan,installments,2024-06-14:841.22|2024-07-15:841.22|2024-08-15:841.22,2024-07-15,none,"Use 3 installments of EUR 841.22, starting 14 June 2024. This leaves at least EUR 1,400 available."
request_269,0,not_affordable,not_recommended,none,,none,"Do not make this payment by 2026-01-02. None of the available options keeps the ZAR 23,100 minimum protected."
request_270,152.99,not_affordable,not_recommended,none,,none,"Do not make this payment by 2026-08-30. None of the available options keeps the USD 1,400 minimum protected."
request_271,21515.9,affordable_later,wait,2024-11-15:91300,2024-11-15,none,"Pay INR 91,300 in full on 2024-11-15. Paying earlier would take the balance below the INR 58,200 minimum."
request_272,5781820.15,affordable_with_plan,installments,2025-02-12:4709466.67|2025-03-12:4709466.67|2025-04-09:4709466.67,2025-03-15,none,"Use 3 installments of IDR 4,709,466.67, starting 12 February 2025. This leaves at least IDR 7,508,600 available."
request_273,10827210.64,affordable_with_plan,partial_payment,2026-04-07:10827210.64|2026-04-15:5033789.36,2026-04-15,none,"Pay IDR 10,827,210.64 today and the remaining IDR 5,033,789.36 on 2026-04-15. This completes the full request and keeps the IDR 18,774,600 minimum protected."
request_274,2402.23,affordable_with_plan,installments,2024-12-04:940.75|2025-01-04:940.75|2025-02-04:940.75,2024-12-15,none,"Use 3 installments of EUR 940.75, starting 04 December 2024. This leaves at least EUR 1,800 available."
request_275,15884000,affordable_now,full_payment,2025-05-06:15884000,2025-05-06,none,"Pay IDR 15,884,000 today. This leaves at least IDR 12,760,100 available over the next 90 days."
